wine_id,region_id,price
1,1,995.0
2,2,313.5
3,3,324.95
4,3,692.96
5,3,778.06
6,3,490.0
7,3,349.0
8,3,810.89
9,3,345.0
10,3,315.0
11,3,514.85
12,3,105.15
13,3,430.0
14,3,925.0
15,4,350.0
16,3,166.18
17,3,1620.0
18,3,431.36
19,5,195.627379550654
20,3,824.43
21,6,253.0
22,3,570.51
23,3,1280.0
24,4,244.85
25,3,719.34
26,3,815.0
27,4,285.86
28,7,1410.26
29,3,813.96
30,3,435.75
31,1,369.05
32,3,1182.77
33,4,227.95
34,3,999.0
35,3,360.0
36,1,1190.0
37,3,1150.0
38,1,950.0
39,7,1021.21
40,8,544.5
41,1,1295.0
42,7,992.2
43,1,1289.44
44,9,1098.9
45,8,215.34
46,7,1094.9
47,3,423.5
48,3,239.5
49,3,175.5
50,3,194.0
51,3,381.15
52,3,584.43
53,3,555.2
54,3,445.28
55,3,189.0
56,3,362.25
57,3,289.0
58,3,325.0
59,3,107.57
60,3,234.0
61,3,500.94
62,3,698.9
63,3,872.47
64,3,877.85
65,3,827.94
66,3,113.18
67,3,679.72
68,3,787.59
69,3,480.06
70,3,75.1
71,5,154.9
72,5,145.0
73,3,290.0
74,8,795.0
75,5,371.78009750522
76,5,134.19
77,8,82.58
78,3,873.86
79,3,774.4
80,3,84.95
81,3,940.0
82,3,812.63
83,3,116.54
84,3,1500.0
85,3,1190.0
86,5,154.85
87,1,135.0
88,1,63.75
89,3,827.94
90,10,66.07
91,8,213.9
92,8,234.9
93,3,2087.25
94,8,89.9
95,3,1384.54
96,3,820.98
97,3,1250.0
98,3,1500.0
99,3,1715.18
100,3,932.3
101,7,1372.14
102,1,78.9
103,3,660.96
104,3,154.0
105,3,134.89
106,7,1422.96
107,1,207.11
108,3,340.49
109,3,317.63
110,11,108.9
111,3,700.0
112,4,185.0
113,3,911.43
114,8,1150.0
115,3,698.95
116,1,2814.16
117,1,1325.0
118,8,527.26
119,3,1071.45
120,7,299.0
121,12,43.13
122,3,1207.6
123,8,175.0
124,7,1252.35
125,5,145.9
126,7,447.95
127,3,813.96
128,7,1410.26
129,7,182.9
130,13,99.0
131,3,1113.2
132,7,654.31
133,3,134.26
134,14,380.0
135,8,292.09
136,14,400.85
137,7,202.01
138,4,250.0
139,8,88.9
140,8,77.9
141,4,191.61
142,1,123.89
143,4,114.28
144,15,95.57
145,11,93.95
146,3,248.0
147,2,397.0
148,16,194.86
149,13,65.05
150,10,86.9
151,3,472.5
152,17,379.0
153,3,185.15
154,3,94.2
155,18,46.0
156,7,919.6
157,19,81.9
158,8,680.0
159,3,218.0
160,3,177.0
161,3,187.3
162,3,195.59
163,3,135.0
164,3,225.2
165,3,79.8
166,3,116.187943627787
167,3,89.3
168,8,438.9
169,3,79.9
170,3,249.0
171,3,129.95
172,3,76.95
173,3,252.0
174,3,232.0
175,1,214.0
176,1,205.0
177,3,49.95
178,3,125.0
179,3,276.8
180,3,75.0
181,3,1359.75
182,3,81.5
183,3,890.0
184,1,43.5
185,3,99.0
186,3,1198.72
187,10,94.95
188,10,89.0
189,3,1785.96
190,8,108.21
191,2,391.5
192,3,1350.0
193,8,145.0
194,8,173.38
195,8,220.0
196,8,85.7
197,3,2884.04
198,8,79.9
199,3,68.7
200,3,1638.95
201,7,150.0
202,3,48.95
203,3,109.41
204,3,119.0
205,3,195.0
206,3,1595.0
207,2,519.55
208,3,89.0
209,2,511.9
210,7,980.0
211,5,73.0
212,2,280.0
213,3,932.3
214,8,251.99
215,1,61.69
216,7,1372.14
217,1,210.5
218,3,285.0
219,3,245.75
220,3,228.57
221,8,319.9
222,2,325.0
223,7,345.0
224,10,58.9
225,8,159.0
226,20,69.9
227,3,895.4
228,1,147.85
229,10,88.05
230,7,1080.0
231,8,301.0
232,2,275.0
233,3,1106.24
234,3,64.9
235,3,1503.0
236,7,1372.14
237,2,241.55
238,7,89.17
239,3,769.9
240,3,67.94
241,3,44.0
242,2,445.0
243,7,87.02
244,3,747.17
245,1,49.95
246,10,50.51
247,3,157.4
248,11,120.9
249,3,1746.94
250,3,75.3
251,3,47.5
252,3,359.9
253,3,43.5
254,8,136.0
255,7,117.239420060872
256,3,135.0
257,8,82.5
258,8,149.9
259,1,1260.0
260,3,59.0
261,3,82.5
262,8,195.0
263,3,195.0
264,3,54.5
265,3,79.1
266,7,272.0
267,17,99.0
268,6,189.99
269,3,317.63
270,8,399.6
271,4,701.05
272,13,74.9
273,7,654.31
274,3,247.75
275,4,144.99
276,7,945.0
277,3,50.0
278,8,126.64
279,21,162.38
280,8,81.0
281,7,2750.0
282,8,121.0
283,7,355.95
284,13,164.66
285,11,120.9
286,3,218.9
287,3,65.95
288,7,86.0
289,22,34.5
290,23,282.65
291,7,259.9
292,3,1099.28
293,24,35.0
294,9,269.95
295,25,27.2693427
296,3,1250.0
297,8,52.95
298,8,114.95
299,6,89.9
300,3,195.0
301,26,29.35
302,8,79.9
303,3,53.95
304,22,26.2
305,7,270.44
306,2,187.5
307,8,210.0
308,3,85.63
309,2,304.54
310,7,34.3
311,7,993.28
312,8,85.95
313,27,12.0
314,3,249.9
315,3,1238.43
316,8,128.0
317,9,135.5
318,28,40.5
319,12,43.1
320,7,85.0
321,8,123.0
322,3,106.35
323,4,207.0
324,2,75.95
325,3,185.3
326,7,205.95
327,3,40.45
328,2,176.89
329,12,79.9
330,8,79.0
331,29,195.27
332,30,58.9
333,7,1660.0
334,3,111.9
335,26,29.95
336,20,129.9
337,8,69.95
338,7,299.0
339,9,3119.08
340,11,99.95
341,31,41.69
342,23,374.35
343,3,46.45
344,7,2750.0
345,7,42.5
346,3,95.0
347,6,197.3
348,32,130.0
349,4,181.5
350,3,29.8
351,3,73.0
352,3,56.27
353,1,69.0
354,3,45.0
355,3,75.0
356,1,69.8
357,3,121.936825872994
358,3,78.65
359,8,400.0
360,8,125.0
361,8,229.0
362,1,40.41
363,3,101.94
364,3,172.5
365,5,33.2
366,3,125.0
367,3,125.0
368,3,125.0
369,5,31.75
370,5,39.5
371,3,64.0
372,3,33.8
373,8,58.95
374,3,33.25
375,5,61.8491765262698
376,11,44.27
377,3,45.9
378,3,239.2
379,8,68.9
380,3,164.0
381,33,32.85
382,3,40.95
383,3,69.5803235920536
384,3,110.0
385,8,49.75
386,8,51.0
387,8,59.9
388,8,290.7
389,33,37.7
390,7,146.95
391,34,68.9
392,8,70.5
393,8,64.0
394,1,168.0
395,3,173.95
396,7,65.0
397,8,67.6
398,3,53.95
399,3,42.95
400,8,127.23
401,5,47.3
402,8,169.4
403,8,121.838963251908
404,8,34.8
405,3,55.35
406,3,75.95
407,3,48.7
408,8,118.89
409,7,92.8716274104906
410,3,290.4
411,3,31.8
412,8,149.5
413,3,35.85
414,3,82.95
415,3,59.0
416,5,37.7
417,8,42.75
418,8,175.57
419,7,61.64
420,5,30.7
421,10,56.5
422,1,207.11
423,8,110.5
424,3,55.95
425,8,170.0
426,30,107.9
427,3,69.9
428,1,49.5
429,30,176.98
430,8,90.0
431,7,65.0
432,8,95.0
433,3,39.0
434,3,193.0
435,8,174.91
436,3,312.0
437,3,52.9
438,3,40.9
439,35,157.95
440,3,77.5
441,3,116.0
442,7,75.0
443,3,80.98
444,8,64.5
445,3,118.5
446,7,64.0
447,7,95.0
448,8,125.97
449,3,26.5
450,3,54.01
451,3,104.9
452,36,170.5
453,3,315.0
454,37,34.9
455,3,51.5
456,38,112.26
457,10,71.85
458,33,38.9
459,1,54.09
460,8,67.9
461,8,80.95
462,4,114.5
463,8,50.34
464,3,57.96
465,8,73.62
466,10,144.78
467,13,90.0
468,8,89.95
469,3,92.8
470,21,48.9
471,3,70.55
472,13,110.0
473,7,139.3
474,3,59.8
475,8,75.0
476,3,57.0
477,2,253.47
478,22,49.95
479,3,298.0
480,10,73.6
481,7,58.0
482,3,54.0
483,3,78.38
484,3,228.63
485,23,228.9
486,7,81.3
487,3,165.0
488,3,54.9
489,16,55.0
490,7,131.85
491,3,148.39
492,3,39.0
493,8,67.1
494,3,199.45
495,3,52.0
496,8,34.9
497,3,75.81
498,8,84.36
499,3,47.95
500,8,391.65
501,5,32.5
502,8,198.0
503,13,40.33
504,7,302.5
505,1,62.0
506,27,49.1
507,8,75.0
508,20,200.13
509,4,113.0
510,23,68.4059721390231
511,39,37.5
512,2,165.0
513,8,415.0
514,3,74.0
515,40,192.16
516,29,59.82
517,23,164.9
518,38,94.9
519,38,199.0
520,8,85.95
521,36,125.05
522,3,85.55
523,8,317.75
524,3,35.0
525,18,274.95
526,7,82.55
527,7,63.9
528,3,29.95
529,3,312.6
530,7,58.95
531,2,99.35
532,3,49.5
533,7,234.98
534,7,78.5
535,8,56.95
536,8,40.0
537,3,100.0
538,7,79.9
539,3,63.5
540,18,38.9
541,3,154.5
542,7,374.66
543,2,143.51
544,3,59.95
545,8,467.65
546,8,65.5
547,8,88.5
548,14,25.92
549,8,95.0
550,3,559.02
551,7,115.85
552,3,976.83
553,7,266.81
554,41,26.9
555,3,89.66
556,3,64.3
557,8,190.0
558,21,141.2
559,3,32.0
560,8,61.0
561,8,140.0
562,4,169.95
563,3,49.9
564,20,65.9
565,1,25.9
566,2,58.19
567,3,295.0
568,8,35.5
569,13,53.7
570,33,9.9
571,3,40.8333333333333
572,3,299.286840932831
573,42,43.6838985
574,7,1372.14
575,7,79.55
576,7,57.0
577,37,14.96
578,3,60.06
579,3,237.0
580,7,993.28
581,3,71.9
582,8,270.0
583,8,48.5
584,23,200.0
585,8,107.5
586,1,77.5
587,9,32.9
588,32,93.51
589,6,96.38
590,12,75.0
591,3,44.95
592,8,75.0
593,3,143.38
594,3,195.0
595,41,20.15
596,9,1373.66
597,6,320.0
598,3,157.0
599,4,295.0
600,11,29.95
601,8,187.91
602,7,113.2
603,9,120.0
604,17,89.9
605,8,59.25
606,10,89.0
607,3,71.3
608,33,34.5
609,3,195.0
610,30,160.81
611,40,38.75
612,7,75.04
613,14,230.0
614,2,40.0
615,7,225.0
616,8,69.0
617,8,55.14
618,3,90.0
619,28,56.5
620,43,54.9
621,29,132.95
622,13,142.0
623,19,53.25
624,41,16.9
625,33,13.45
626,44,29.5
627,8,29.9168517
628,7,69.0
629,7,73.0
630,35,51.5
631,37,38.0
632,3,189.0
633,1,39.5
634,1,89.9
635,1,76.8
636,8,47.5
637,3,31.5
638,8,47.95
639,8,47.95
640,3,38.61
641,8,27.9
642,3,37.25
643,3,37.8
644,8,61.55
645,8,43.95
646,10,31.95
647,30,25.5
648,5,35.65
649,3,125.0
650,3,125.0
651,8,23.0
652,8,43.5
653,8,24.7
654,3,27.4
655,3,96.0
656,8,37.52
657,8,43.95
658,45,19.6
659,8,160.0
660,8,43.5
661,3,27.75
662,3,32.5
663,10,29.45
664,3,51.526827174062
665,8,216.0
666,3,119.7
667,8,66.73
668,8,39.95
669,1,32.01
670,3,28.9
671,1,36.0
672,8,105.12
673,13,52.5
674,3,33.31
675,8,73.65
676,11,33.95
677,8,74.0
678,3,169.0
679,45,24.8
680,3,140.840866321332
681,7,175.5
682,8,37.57
683,3,26.24
684,3,28.5
685,10,178.0
686,3,78.65
687,3,125.0
688,8,35.9
689,3,35.7
690,3,33.0
691,10,60.95
692,5,21.95
693,14,82.5
694,3,109.9
695,8,33.5
696,11,38.95
697,19,34.9
698,8,37.8
699,38,59.9
700,1,38.7
701,7,90.0
702,7,69.79
703,8,59.9
704,45,27.39
705,8,93.0
706,3,73.57
707,8,49.67
708,30,91.57
709,7,90.0
710,8,69.95
711,3,190.0
712,8,140.0
713,10,35.75
714,7,52.5
715,7,95.0
716,3,45.15
717,8,58.2142247461506
718,8,42.7
719,3,28.7315367295517
720,7,32.65
721,8,43.86
722,8,36.9
723,8,54.83
724,8,55.33
725,8,26.9
726,46,57.9
727,3,74.0
728,3,34.35
729,3,76.3
730,3,45.3
731,3,299.0
732,10,56.5
733,3,54.9
734,1,55.31
735,3,53.91
736,8,35.1
737,1,38.5
738,8,49.97
739,3,32.9
740,31,34.0
741,2,90.5
742,23,38.3
743,3,41.32
744,1,98.0
745,16,55.71
746,3,35.2
747,8,73.6
748,3,41.0
749,11,31.5
750,3,56.75
751,1,20.9
752,8,30.73
753,3,49.9
754,8,52.0
755,8,90.0
756,3,26.63
757,30,32.58
758,16,46.5
759,3,32.5811870756681
760,47,29.95
761,8,34.9
762,8,43.9
763,7,65.0
764,4,35.9
765,3,210.5
766,13,55.95
767,7,92.8716274104906
768,7,65.4
769,42,45.890156
770,36,304.0
771,8,47.5
772,8,29.9
773,8,40.45
774,8,49.65
775,2,57.11
776,3,141.0
777,8,133.75
778,8,67.9
779,7,75.92
780,13,47.52
781,19,29.9
782,5,19.99
783,8,59.25
784,19,73.9
785,34,39.35
786,7,40.3
787,3,42.75
788,8,149.5
789,8,76.5
790,7,113.2
791,10,26.9
792,3,249.8
793,3,29.95
794,48,33.0
795,3,37.0
796,3,37.13
797,18,49.95
798,27,50.9
799,13,51.95
800,8,49.2
801,24,35.2
802,49,20.74
803,8,87.3
804,8,45.95
805,30,64.99
806,7,350.03
807,7,69.9
808,7,36.95
809,7,154.37
810,7,43.85
811,5,77.98
812,8,91.43
813,3,195.0
814,35,125.84
815,8,69.0
816,33,17.49
817,13,44.41
818,35,149.0
819,30,73.6
820,8,82.75
821,7,78.38
822,3,59.95
823,8,80.95
824,2,95.9
825,3,75.0
826,34,58.95
827,8,125.0
828,8,64.0
829,8,78.9
830,8,35.5
831,2,42.35
832,3,28.95
833,2,495.0
834,30,63.95
835,8,99.0
836,3,379.0
837,3,56.95
838,3,65.34
839,34,22.35
840,22,18.99
841,50,79.95
842,7,78.49
843,8,49.9
844,7,35.5
845,8,34.9
846,3,50.76
847,7,29.95
848,8,36.75
849,9,37.6
850,11,100.0
851,6,25.0
852,2,40.0
853,8,52.0
854,37,34.25
855,37,35.4
856,3,32.15
857,7,62.75
858,13,58.3
859,7,58.9
860,7,59.0
861,8,42.95
862,7,43.95
863,3,41.9188925
864,7,91.03
865,3,25.1
866,2,104.0
867,2,295.3
868,51,79.9
869,3,71.95
870,3,57.9
871,3,465.0
872,7,116.0
873,7,158.88
874,7,165.85
875,2,101.01
876,7,56.95
877,3,48.69
878,7,56.0
879,7,217.2
880,7,89.9
881,5,48.9
882,8,145.0
883,7,54.5
884,3,42.0
885,13,59.75
886,7,49.95
887,8,36.0
888,16,16.39
889,7,95.0
890,35,51.05
891,3,52.9
892,6,17.5
893,30,33.8
894,2,419.85
895,7,33.03
896,7,189.0
897,17,39.22
898,52,19.5
899,3,44.0
900,3,101.1
901,37,36.95
902,4,225.0
903,8,77.0
904,5,69.0
905,8,90.0
906,7,50.0
907,8,125.97
908,38,87.9
909,7,63.46
910,20,69.0
911,7,64.0
912,8,57.9
913,2,143.51
914,7,54.05
915,35,102.0
916,7,95.0
917,22,37.65
918,2,340.0
919,3,28.9
920,7,84.55
921,8,940.0
922,7,152.6
923,3,32.45
924,26,34.9
925,3,35.0
926,52,24.9
927,3,53.9
928,3,21.38
929,2,385.0
930,7,53.4
931,1,14.65
932,3,54.9
933,6,62.02
934,8,26.85
935,7,126.5
936,4,35.9
937,7,64.35
938,3,115.2
939,53,17.95
940,8,140.0
941,8,167.0
942,1,33.9
943,8,45.95
944,1,44.0
945,10,31.94
946,7,32.49
947,8,36.75
948,23,26.84
949,38,36.9
950,37,59.95
951,7,241.4
952,30,27.6
953,8,37.98
954,17,32.23
955,36,123.76
956,9,34.55
957,2,155.0
958,8,68.0
959,3,59.9
960,1,112.0
961,17,14.18
962,8,106.0
963,7,105.8121097
964,3,31.5
965,34,42.12
966,40,21.5
967,7,75.0
968,31,15.9
969,8,53.9
970,17,30.86
971,23,235.95
972,8,38.5
973,8,56.75
974,7,59.9
975,3,122.667917
976,13,34.56
977,30,65.9
978,13,59.75
979,3,509.25
980,7,158.88
981,10,37.66
982,40,62.7
983,7,60.73
984,54,27.25
985,7,49.6
986,13,43.5
987,3,225.0
988,3,89.97
989,7,37.9
990,48,18.9
991,8,53.8
992,3,55.25
993,28,44.9
994,8,32.9
995,8,82.5
996,13,33.78
997,10,34.9
998,7,367.39
999,8,104.5
1000,3,74.55
1001,3,119.0
1002,3,31.9239296995019
1003,55,27.35
1004,7,33.0
1005,18,280.0
1006,8,140.0
1007,8,32.0
1008,8,91.5
1009,13,52.95
1010,40,35.15
1011,8,23.0
1012,51,37.9
1013,8,119.95
1014,28,42.9
1015,8,39.9
1016,8,50.0
1017,7,209.31
1018,4,165.0
1019,8,97.0
1020,37,26.5
1021,3,32.5
1022,8,194.0
1023,20,74.95
1024,3,28.9
1025,2,18.99
1026,18,19.95
1027,7,38.66
1028,8,180.0
1029,7,75.5
1030,13,7.89
1031,8,18.0
1032,40,17.9
1033,3,15.4438025
1034,18,33.55
1035,7,19.8
1036,8,145.0
1037,6,189.99
1038,3,59.9
1039,3,29.9
1040,40,33.8
1041,7,43.5
1042,3,39.9
1043,3,119.35
1044,3,60.0
1045,8,40.0
1046,56,34.75
1047,8,24.0
1048,6,59.9
1049,8,245.25
1050,4,109.76
1051,25,59.9
1052,8,130.5
1053,8,61.5
1054,4,33.23
1055,17,38.5
1056,8,38.12
1057,14,65.0
1058,1,41.0
1059,3,74.5
1060,40,45.39
1061,1,26.0
1062,15,39.75
1063,3,29.89
1064,8,38.0
1065,8,132.4
1066,7,69.0
1067,23,13.99
1068,10,24.5
1069,35,16.25
1070,37,39.95
1071,3,138.0
1072,23,35.4
1073,47,20.95
1074,7,39.99
1075,17,159.8
1076,8,139.63
1077,1,19.97
1078,8,75.8
1079,57,52.5
1080,58,20.95
1081,7,51.95
1082,29,43.44
1083,3,35.48
1084,8,28.0
1085,7,239.5
1086,8,60.61
1087,3,35.35
1088,13,89.9
1089,7,74.56
1090,17,33.4
1091,8,29.25
1092,38,15.84
1093,4,173.0
1094,29,34.5
1095,8,21.88
1096,8,27.9
1097,43,54.9
1098,8,31.99
1099,3,24.9
1100,59,11.5
1101,1,140.0
1102,19,15.5
1103,8,95.0
1104,10,40.2
1105,8,26.45
1106,3,7.9
1107,13,29.95
1108,24,59.9
1109,30,115.9
1110,8,33.0
1111,8,72.0
1112,43,13.95
1113,60,195.99
1114,3,46.0
1115,8,24.38
1116,8,20.0
1117,32,6.95
1118,30,17.48
1119,8,37.9
1120,1,79.75
1121,30,24.95
1122,8,29.9
1123,3,29.13
1124,3,33.9
1125,8,28.0
1126,3,25.8
1127,3,37.86
1128,8,34.0
1129,3,33.64
1130,3,36.35
1131,8,35.5
1132,10,66.75
1133,3,19.01
1134,3,75.9
1135,3,38.05
1136,8,40.4
1137,40,63.33
1138,3,26.9
1139,3,34.95
1140,3,24.5
1141,1,93.5
1142,1,99.9
1143,8,35.09
1144,8,36.8
1145,3,80.35
1146,1,46.0
1147,8,50.41
1148,1,150.0
1149,1,33.95
1150,3,48.6377226796774
1151,3,27.29
1152,3,65.9
1153,1,33.66
1154,1,190.0
1155,40,55.0
1156,1,26.9
1157,1,36.9
1158,3,25.95
1159,3,34.5
1160,8,47.9
1161,11,36.94
1162,8,75.0
1163,8,24.9
1164,8,58.0
1165,8,32.55
1166,3,26.9
1167,51,63.34
1168,8,37.9
1169,3,46.95
1170,8,39.22
1171,8,18.5
1172,14,74.0
1173,8,35.0
1174,3,26.7597646010531
1175,33,32.7
1176,10,49.0
1177,1,38.0
1178,3,33.59
1179,8,94.95
1180,8,36.91
1181,19,30.67
1182,8,86.15
1183,6,32.9
1184,8,17.07
1185,3,19.45
1186,8,39.9
1187,3,28.65
1188,8,33.82
1189,8,67.95
1190,8,60.95
1191,8,35.01
1192,8,69.95
1193,10,28.18
1194,1,34.22
1195,8,49.75
1196,7,33.95
1197,8,21.5
1198,7,80.0
1199,8,36.0
1200,8,25.45
1201,8,17.16
1202,1,116.9
1203,8,39.5
1204,8,40.0
1205,8,39.78
1206,23,39.98
1207,8,69.9
1208,8,77.7
1209,7,95.0
1210,3,24.9
1211,1,25.9
1212,17,22.5
1213,8,50.0
1214,8,57.8
1215,8,21.24
1216,3,70.0
1217,20,15.75
1218,1,26.0
1219,8,25.8208254922442
1220,8,62.95
1221,19,17.15
1222,3,33.9
1223,7,80.0
1224,7,80.0
1225,20,16.9
1226,3,40.92
1227,7,95.0
1228,51,58.9
1229,37,30.887605
1230,3,67.5
1231,30,67.45
1232,3,16.5
1233,8,30.71
1234,3,25.25
1235,3,41.95
1236,3,38.3
1237,3,19.95
1238,3,59.87
1239,7,63.5
1240,7,46.88
1241,7,95.0
1242,7,99.9
1243,1,47.01
1244,3,15.9
1245,8,21.15
1246,7,49.9
1247,8,23.83
1248,6,40.0
1249,8,33.0
1250,30,67.82
1251,8,48.34
1252,8,99.9
1253,7,54.9
1254,7,116.05
1255,7,48.75
1256,3,98.0
1257,8,272.0
1258,8,40.45
1259,8,81.35
1260,8,206.91
1261,10,42.0
1262,8,34.9
1263,3,53.95
1264,8,56.7603202298046
1265,3,62.74
1266,61,10.89
1267,1,107.0
1268,8,32.33
1269,62,21.95
1270,3,28.85
1271,8,160.0
1272,3,26.9
1273,3,21.3
1274,8,42.0
1275,3,30.5
1276,8,160.0
1277,60,21.02
1278,50,22.8
1279,7,36.57
1280,7,85.0
1281,16,23.4
1282,7,110.0
1283,3,53.5
1284,8,35.95
1285,11,16.25
1286,3,498.614195
1287,8,25.95
1288,8,29.0132184621944
1289,7,40.5
1290,10,35.85
1291,3,38.4
1292,55,20.65
1293,1,39.53
1294,52,25.31
1295,7,53.95
1296,8,27.0
1297,30,36.95
1298,63,26.5
1299,64,27.9
1300,1,189.45
1301,8,90.0
1302,30,34.1
1303,3,35.51
1304,37,27.7
1305,10,75.0
1306,8,425.0
1307,1,35.51
1308,8,33.9
1309,8,65.0
1310,3,45.0
1311,7,84.9
1312,3,27.85
1313,3,30.99
1314,7,36.5
1315,57,25.9
1316,37,13.75
1317,8,53.35
1318,7,54.5
1319,8,90.15
1320,16,18.48
1321,8,92.0
1322,1,22.55
1323,7,17.95
1324,7,85.0
1325,3,26.9
1326,8,63.95
1327,8,12.9
1328,29,24.61
1329,3,107.74
1330,7,162.5
1331,1,33.6
1332,20,16.9
1333,7,84.9
1334,3,30.9
1335,49,21.8
1336,18,19.9
1337,8,24.3677926503816
1338,17,18.88
1339,8,30.3
1340,3,42.35
1341,30,64.5
1342,7,49.61
1343,8,145.0
1344,31,21.4
1345,8,21.5
1346,8,55.0
1347,29,27.9
1348,18,28.5
1349,3,25.65
1350,2,43.95
1351,7,60.45
1352,54,30.3
1353,8,62.5
1354,7,57.49
1355,7,127.2
1356,8,182.0
1357,3,34.25
1358,57,15.9
1359,9,37.35
1360,3,259.0
1361,27,20.5
1362,3,24.0
1363,7,80.0
1364,35,59.55
1365,7,50.67
1366,8,91.0
1367,7,88.0
1368,7,70.89
1369,5,59.9
1370,20,32.9
1371,10,21.4
1372,7,64.0
1373,21,47.0
1374,8,60.25
1375,47,15.9
1376,8,32.0
1377,2,62.5
1378,10,24.5
1379,7,110.0
1380,7,82.0
1381,30,55.0
1382,32,36.5
1383,30,123.82
1384,7,114.6
1385,2,130.0
1386,3,33.5
1387,3,62.8
1388,9,34.5
1389,3,92.24
1390,52,36.111307180686
1391,32,56.92
1392,7,117.3
1393,40,41.9
1394,64,32.9
1395,20,23.5
1396,1,48.5
1397,10,28.38
1398,8,64.75
1399,34,19.9
1400,37,33.95
1401,35,42.25
1402,8,27.8
1403,7,26.9
1404,3,245.53
1405,3,28.3
1406,8,37.29
1407,19,23.5
1408,47,18.9
1409,9,8.95
1410,3,32.45
1411,3,41.28
1412,24,33.77
1413,7,23.0
1414,3,67.0
1415,1,31.45
1416,37,33.67
1417,13,87.39
1418,8,150.0
1419,3,45.48
1420,7,125.0
1421,35,39.5
1422,8,90.0
1423,13,44.41
1424,37,21.5
1425,17,20.59
1426,61,13.95
1427,11,28.9
1428,8,56.89
1429,3,30.9166666666667
1430,28,39.9
1431,3,65.0
1432,3,146.05
1433,52,44.05
1434,3,62.56
1435,8,9.8840336
1436,8,46.16
1437,42,48.537665
1438,8,97.5
1439,3,42.0
1440,8,75.0
1441,8,85.0
1442,3,52.8
1443,7,20.4
1444,3,26.2902950466486
1445,47,19.9
1446,9,92.45
1447,47,17.95
1448,7,130.5
1449,6,39.0
1450,8,34.9
1451,9,28.5
1452,20,25.89
1453,35,27.5
1454,9,35.9
1455,8,63.53
1456,65,112.76
1457,3,18.95
1458,66,10.45
1459,3,40.95
1460,3,39.75
1461,10,23.44
1462,35,133.34
1463,3,35.0
1464,7,57.5
1465,67,23.95
1466,8,77.9
1467,8,97.35
1468,7,84.95
1469,7,53.9
1470,45,12.19
1471,6,43.95
1472,14,85.4
1473,8,23.43
1474,7,43.24
1475,3,35.0
1476,28,54.52
1477,37,24.0
1478,14,176.5
1479,52,18.5
1480,3,23.5
1481,8,28.0
1482,20,73.9
1483,7,100.0
1484,8,62.9
1485,8,265.0
1486,7,49.0
1487,37,30.75
1488,38,50.0
1489,27,32.18
1490,4,34.9
1491,1,33.5
1492,3,92.24
1493,65,52.95
1494,55,33.15
1495,8,24.51
1496,3,135.95
1497,8,46.9
1498,4,19.8
1499,7,39.51
1500,7,119.95
1501,8,249.0
1502,9,95.25
1503,53,24.95
1504,9,36.91
1505,7,158.88
1506,7,90.6
1507,10,24.9
1508,9,18.35
1509,65,65.25
1510,8,23.95
1511,8,148.65
1512,62,21.95
1513,10,37.49
1514,53,16.5
1515,7,33.95
1516,27,10.76
1517,8,118.0
1518,7,34.9
1519,8,150.0
1520,6,64.8
1521,3,35.15
1522,3,145.0
1523,35,26.9
1524,8,42.9
1525,8,215.34
1526,8,29.9
1527,8,20.45
1528,37,15.71
1529,7,39.99
1530,35,34.95
1531,32,88.0
1532,7,25.5
1533,7,79.9
1534,9,45.9
1535,1,24.0
1536,33,8.9
1537,3,65.0
1538,17,47.0
1539,47,20.5
1540,13,62.9
1541,28,31.13
1542,3,73.0
1543,7,58.0
1544,32,34.5
1545,3,41.9
1546,26,33.9
1547,3,28.5
1548,13,24.1
1549,2,27.9
1550,8,84.5
1551,7,36.78
1552,8,54.5
1553,7,21.4
1554,6,217.8
1555,13,23.22
1556,3,51.2
1557,3,38.0
1558,8,67.9
1559,8,32.9
1560,8,45.0
1561,8,260.0
1562,7,69.0
1563,8,98.0
1564,7,348.85
1565,7,23.95
1566,68,27.9
1567,37,15.0
1568,8,155.0
1569,7,57.9
1570,35,36.93
1571,3,52.0
1572,8,31.5
1573,7,654.31
1574,8,75.0
1575,6,113.72
1576,40,27.45
1577,3,69.9
1578,10,40.5
1579,56,39.95
1580,8,55.45
1581,7,177.45
1582,17,11.91
1583,7,54.95
1584,7,25.88
1585,3,34.85
1586,15,37.0
1587,8,75.0
1588,6,47.45
1589,17,22.8
1590,8,199.0
1591,6,59.9
1592,8,120.13
1593,7,47.0
1594,7,84.9
1595,8,78.95
1596,3,9.99
1597,17,31.5
1598,8,29.95
1599,7,36.95
1600,8,32.0
1601,8,25.95
1602,33,21.5
1603,69,23.3863295
1604,8,43.8
1605,40,123.75
1606,7,75.5
1607,6,29.9
1608,47,24.0
1609,7,150.0
1610,33,29.4
1611,7,170.0
1612,2,93.26
1613,3,75.95
1614,3,23.77
1615,32,27.11
1616,8,42.5
1617,8,75.0
1618,3,68.99
1619,10,21.95
1620,10,13.237545
1621,10,13.65
1622,20,23.5
1623,3,17.9
1624,7,49.95
1625,7,348.85
1626,19,11.95
1627,3,28.6
1628,55,21.3
1629,37,44.95
1630,7,36.3
1631,8,32.0
1632,7,39.712635
1633,7,17.9
1634,23,39.9
1635,8,140.0
1636,20,249.95
1637,3,28.83
1638,3,196.29
1639,70,28.4
1640,33,14.5
1641,8,260.0
1642,4,36.9
1643,29,25.8
1644,9,38.0
1645,36,137.75
1646,7,79.9
1647,52,41.5
1648,52,24.5
1649,29,68.55
1650,7,81.35
1651,3,121.5
1652,3,79.98
1653,8,60.0
1654,24,13.99
1655,7,195.52
1656,3,68.0
1657,27,16.9
1658,37,27.5
1659,6,29.25
1660,8,75.0
1661,69,23.9
1662,8,34.9
1663,8,532.0
1664,3,95.0
1665,40,44.1
1666,12,17.7
1667,23,18.9
1668,35,35.35
1669,8,270.0
1670,17,34.95
1671,7,348.85
1672,8,14.9
1673,3,39.7
1674,13,75.5
1675,8,189.9
1676,8,21.01
1677,37,23.9
1678,3,12.8
1679,10,39.95
1680,47,22.35
1681,33,27.25
1682,53,16.99
1683,8,55.0
1684,37,21.5
1685,9,106.92
1686,3,37.065126
1687,3,38.5
1688,57,69.95
1689,7,43.5
1690,8,36.5
1691,40,213.5
1692,37,21.89
1693,8,21.9
1694,3,33.0
1695,37,38.0
1696,16,24.77
1697,8,17.75
1698,71,40.9
1699,8,52.5
1700,17,48.91
1701,7,27.1
1702,8,58.25
1703,6,24.9
1704,10,67.95
1705,6,74.9
1706,27,25.95
1707,35,119.0
1708,22,13.5
1709,8,51.45
1710,7,56.27
1711,40,11.65
1712,1,32.9
1713,72,197.0
1714,3,14.71
1715,19,16.45
1716,17,53.55
1717,24,18.9
1718,31,53.3
1719,3,31.9
1720,7,55.5
1721,22,40.75
1722,29,22.9
1723,3,76.87
1724,3,79.98
1725,3,35.0
1726,9,21.65
1727,8,20.95
1728,3,243.8
1729,2,80.0
1730,8,60.4
1731,2,65.9
1732,18,10.2
1733,22,26.75
1734,8,47.95
1735,32,18.58
1736,3,27.7
1737,3,11.94
1738,8,45.0
1739,37,13.45
1740,7,180.0
1741,8,29.0
1742,22,15.9
1743,8,65.0
1744,40,21.6
1745,8,46.5
1746,73,37.9
1747,74,35.5
1748,3,27.9
1749,40,110.47
1750,23,32.46
1751,17,15.56
1752,16,23.7
1753,61,18.5
1754,35,36.85
1755,8,23.9
1756,8,38.0
1757,72,101.01
1758,27,13.75
1759,23,29.38
1760,8,44.9
1761,33,12.0
1762,49,38.5
1763,22,28.35
1764,8,65.22
1765,33,6.26
1766,35,40.55
1767,75,31.9
1768,27,26.1
1769,8,73.95
1770,3,48.9
1771,76,11.99
1772,61,44.8
1773,13,76.17
1774,8,120.0
1775,8,39.5
1776,33,19.03
1777,8,230.0
1778,8,110.0
1779,8,310.0
1780,8,28.7550102072719
1781,38,39.9
1782,38,34.65
1783,8,211.92
1784,8,43.9
1785,66,25.9
1786,3,35.0
1787,8,160.0
1788,3,32.0
1789,10,74.9
1790,8,30.0
1791,3,49.0
1792,3,39.55
1793,51,45.0
1794,6,47.7
1795,19,14.9
1796,8,46.45
1797,45,15.45
1798,7,31.75
1799,8,110.0
1800,75,29.75
1801,13,18.5
1802,3,19.8563175
1803,67,23.1
1804,10,97.07
1805,3,8.57
1806,72,67.95
1807,10,17.74
1808,8,37.9
1809,8,68.0
1810,8,39.89
1811,3,68.9
1812,8,35.0
1813,48,32.5
1814,33,16.9
1815,35,23.6
1816,8,46.95
1817,8,36.9
1818,8,48.81
1819,48,33.5
1820,32,56.95
1821,3,8.9
1822,2,4.99
1823,8,15.9
1824,8,23.7
1825,8,23.0
1826,3,19.5
1827,3,21.2
1828,3,27.0
1829,8,33.0
1830,8,16.14
1831,3,37.95
1832,8,17.02
1833,30,49.85
1834,37,14.95
1835,3,9.76
1836,3,19.16
1837,8,15.8
1838,8,19.8333333333333
1839,3,21.0
1840,37,12.29
1841,3,23.75
1842,8,15.83
1843,3,15.45
1844,7,24.85
1845,3,20.95
1846,8,28.43
1847,18,22.58
1848,10,58.26
1849,18,20.95
1850,40,48.4
1851,16,19.7
1852,8,24.75
1853,8,55.47
1854,8,28.4
1855,8,27.6
1856,5,24.76
1857,5,24.6
1858,5,22.5
1859,8,124.5
1860,3,19.99
1861,45,11.8
1862,3,23.74
1863,8,30.35
1864,3,38.84
1865,8,21.5
1866,3,29.95
1867,8,59.0
1868,1,98.9
1869,8,59.9
1870,11,19.94
1871,18,23.52
1872,3,33.3733333333333
1873,3,34.5
1874,11,21.6
1875,8,11.2
1876,12,32.0010770950795
1877,8,39.5
1878,3,33.59
1879,8,29.15
1880,3,28.75
1881,3,16.88
1882,40,9.95
1883,3,25.71
1884,6,18.87
1885,12,17.04
1886,3,18.9
1887,3,55.75
1888,3,37.9
1889,3,39.0
1890,3,16.49
1891,6,11.9
1892,45,11.66
1893,18,26.9
1894,3,22.95
1895,3,31.95
1896,38,77.22
1897,7,85.9
1898,7,20.99
1899,1,51.19
1900,7,32.25
1901,7,39.0
1902,40,56.26
1903,3,23.4
1904,17,11.35
1905,3,37.5
1906,10,40.76
1907,7,21.9
1908,8,161.0
1909,8,34.41
1910,3,16.95
1911,7,52.5
1912,3,19.53
1913,3,30.0
1914,27,5.5
1915,8,35.63
1916,8,25.5
1917,8,19.38
1918,8,20.9
1919,3,18.5
1920,8,23.0
1921,29,38.37
1922,29,25.5
1923,8,35.0
1924,10,30.0
1925,26,18.95
1926,47,8.95
1927,17,25.35
1928,3,18.5
1929,8,36.0
1930,8,85.8
1931,26,19.25
1932,10,37.5
1933,8,19.4
1934,40,11.2
1935,8,29.5
1936,24,15.95
1937,9,18.4
1938,7,59.95
1939,8,15.88
1940,1,26.95
1941,13,25.0
1942,14,32.16
1943,7,60.0
1944,7,55.0
1945,8,86.95
1946,8,20.0
1947,8,6.99
1948,3,29.93
1949,17,17.84
1950,8,34.5
1951,10,55.0
1952,7,21.85
1953,13,21.8
1954,8,20.5
1955,3,17.25
1956,3,35.09
1957,3,24.9
1958,8,20.4532878069468
1959,7,24.8
1960,26,16.767557
1961,26,17.7
1962,3,54.0
1963,7,16.2
1964,3,19.9
1965,48,25.35
1966,8,17.75
1967,3,18.9
1968,8,25.9
1969,3,18.25
1970,8,23.89
1971,14,36.9
1972,1,33.9
1973,8,14.6
1974,23,139.9
1975,7,20.9
1976,8,48.0
1977,8,39.5
1978,3,24.5
1979,38,33.5
1980,10,36.97
1981,3,26.3
1982,9,21.95
1983,3,21.5
1984,8,28.95
1985,36,126.2
1986,37,11.9
1987,37,37.9
1988,8,65.0
1989,3,21.65
1990,55,22.95
1991,37,14.8
1992,37,18.46
1993,3,16.45
1994,3,16.9
1995,19,49.95
1996,7,21.7
1997,17,13.95
1998,24,32.0
1999,8,29.15
2000,8,17.5
2001,19,18.9
2002,29,23.95
2003,8,28.3
2004,8,45.0
2005,9,17.9
2006,37,16.78
2007,8,13.58
2008,3,37.9
2009,3,51.35
2010,8,22.99
2011,22,11.95
2012,6,7.1
2013,7,77.36
2014,23,19.9
2015,8,28.53
2016,1,27.89
2017,2,48.96
2018,8,61.94
2019,8,19.98
2020,7,16.76
2021,50,24.45
2022,3,64.5
2023,3,31.63
2024,8,73.0
2025,8,17.5
2026,19,18.9
2027,29,23.95
2028,8,28.3
2029,8,45.0
2030,9,17.9
2031,37,16.78
2032,8,13.58
2033,3,37.9
2034,3,51.35
2035,8,22.99
2036,6,7.1
2037,7,77.36
2038,8,28.53
2039,1,27.89
2040,2,48.96
2041,8,61.94
2042,8,19.98
2043,7,16.76
2044,50,24.45
2045,3,64.5
2046,3,31.63
2047,8,73.0
2048,8,29.15
